<?xml version="1.0" encoding="UTF-8"?>
<!DOCTYPE hibernate-configuration PUBLIC "-//Hibernate/Hibernate Configuration DTD 3.0//EN"
        "http://www.hibernate.org/dtd/hibernate-configuration-3.0.dtd">

<hibernate-configuration>
    <session-factory>
        <property name="show_sql">true</property>
        <property name="format_sql">true</property>
        <property name="dialect">org.hibernate.dialect.SQLiteDialect</property>
        <property name="connection.driver_class">org.sqlite.JDBC</property>
        <property name="connection.url">jdbc:sqlite:C:\\Databases\\shipper.db</property>
        <!--
        <property name="connection.username"></property>
        <property name="connection.password"></property>
        -->


        <!-- comment out to stop rebuilding db each time
        <property name="hibernate.hbm2ddl.auto">create</property>
        -->

        <property name="hibernate.hbm2ddl.auto">create</property>


    </session-factory>
</hibernate-configuration>